original_comment,clause,sentiment,advanced_sentiment,reason,confidence_score,model_used,legal_context,key_phrases,spam_score,spam_reason
The Supreme Court granted the writ petition due to violation of fundamental rights under Article 21 of the Constitution. The bench observed that the right to life includes the right to live with dignity.,The Supreme Court granted the writ petition due to violation of fundamental rights under Article 21 of the Constitution. The bench observed that the right to life includes the right to live with dignity.,positive,granted,legal_basis: Article 21 of the Constitution | causation: violation of fundamental rights under Article 21 of the Constitution,75.00%,inlegalbert,"{'court': 'supreme court', 'statute': 'article', 'proceeding': 'writ'}","right, supreme court, court granted",0.00%,
The High Court dismissed the appeal finding no merit in the arguments presented by the counsel. The court noted that the evidence was insufficient to prove the claims.,The High Court dismissed the appeal finding no merit in the arguments presented by the counsel. The court noted that the evidence was insufficient to prove the claims.,negative,dismissed,No specific reason identified,75.00%,inlegalbert,"{'court': 'high court', 'proceeding': 'appeal'}","court, high court, court dismissed",0.00%,
The contract was terminated due to breach of confidentiality clause. The party failed to protect trade secrets as required under section 5 of the agreement.,The contract was terminated due to breach of confidentiality clause. The party failed to protect trade secrets as required under section 5 of the agreement.,negative,terminated,legal_basis: section 5 of the agreement | causation: breach of confidentiality clause,75.00%,legalbert,{'statute': 'clause'},"contract terminated, terminated due, due breach",0.00%,
The matter has been adjourned to next month for further consideration. The court directed both parties to file additional documents before the next hearing.,The matter has been adjourned to next month for further consideration. The court directed both parties to file additional documents before the next hearing.,neutral,adjourned,No specific reason identified,75.00%,distilbert,{'proceeding': 'matter'},"next, matter adjourned, adjourned next",0.00%,
The accused was convicted under Section 302 IPC and sentenced to life imprisonment. The court found the evidence of eyewitnesses to be credible and reliable.,The accused was convicted under Section 302 IPC and sentenced to life imprisonment. The court found the evidence of eyewitnesses to be credible and reliable.,negative,convicted,legal_basis: Section 302 IPC and sentenced to life imprisonment,85.00%,distilbert,"{'statute': 'section', 'party': 'accused'}","accused convicted, convicted under, under section",0.00%,1 all-caps words
Latest news: Supreme Court issues notice on electoral bonds scheme. The constitutional validity of the scheme has been challenged in multiple petitions.,Latest news: Supreme Court issues notice on electoral bonds scheme. The constitutional validity of the scheme has been challenged in multiple petitions.,neutral,scheduled,No specific reason identified,60.00%,inlegalbert,"{'court': 'supreme court', 'proceeding': 'petition'}","scheme, latest news, news supreme",0.00%,
The parties have settled the dispute through mediation. A settlement agreement has been signed and will be filed before the court for disposal.,The parties have settled the dispute through mediation. A settlement agreement has been signed and will be filed before the court for disposal.,positive,resolved,No specific reason identified,75.00%,legalbert,{},"parties settled, settled dispute, dispute through",0.00%,
The application for bail was rejected by the sessions court. The court cited the severity of the offense and the possibility of the accused tampering with evidence.,The application for bail was rejected by the sessions court. The court cited the severity of the offense and the possibility of the accused tampering with evidence.,negative,dismissed,No specific reason identified,75.00%,distilbert,"{'court': 'sessions court', 'proceeding': 'application', 'party': 'accused'}","court, application bail, bail rejected",0.00%,
The judgment has been reserved by the constitutional bench after hearing extensive arguments from both sides for three consecutive days.,The judgment has been reserved by the constitutional bench after hearing extensive arguments from both sides for three consecutive days.,neutral,scheduled,No specific reason identified,60.00%,inlegalbert,"{'court': 'bench', 'proceeding': 'hearing'}","judgment reserved, reserved constitutional, constitutional bench",0.00%,
"The legal notice was served upon the defendant for recovery of dues amounting to Rs. 10,00,000 under the Negotiable Instruments Act.","The legal notice was served upon the defendant for recovery of dues amounting to Rs. 10,00,000 under the Negotiable Instruments Act.",neutral,scheduled,legal_basis: the Negotiable Instruments Act,60.00%,legalbert,"{'statute': 'act', 'party': 'defendant'}","legal notice, notice served, served upon",0.00%,
The Supreme Court dismissed the review petition finding no error apparent on the face of the record. The court held that review cannot be treated as an appeal in disguise.,The Supreme Court dismissed the review petition finding no error apparent on the face of the record. The court held that review cannot be treated as an appeal in disguise.,negative,dismissed,No specific reason identified,75.00%,inlegalbert,"{'court': 'supreme court', 'proceeding': 'petition'}","court, review, supreme court",0.00%,
The High Court granted interim stay on the demolition drive until further orders. The court issued notice to the municipal corporation returnable in four weeks.,The High Court granted interim stay on the demolition drive until further orders. The court issued notice to the municipal corporation returnable in four weeks.,positive,granted,No specific reason identified,75.00%,inlegalbert,{'court': 'high court'},"court, high court, court granted",0.00%,
The agreement contains an arbitration clause requiring disputes to be resolved through arbitration in Mumbai. Both parties have agreed to appoint a sole arbitrator.,The agreement contains an arbitration clause requiring disputes to be resolved through arbitration in Mumbai. Both parties have agreed to appoint a sole arbitrator.,positive,resolved,No specific reason identified,75.00%,legalbert,{'statute': 'clause'},"arbitration, agreement contains, contains arbitration",0.00%,
The legal opinion suggests that the non-compete clause is valid and enforceable for a period of two years post-termination of employment.,The legal opinion suggests that the non-compete clause is valid and enforceable for a period of two years post-termination of employment.,neutral,scheduled,No specific reason identified,60.00%,legalbert,{'statute': 'clause'},"legal opinion, opinion suggests, suggests non",0.00%,
The blog post analyzes the impact of the new data protection bill on small businesses and startups operating in the digital economy.,The blog post analyzes the impact of the new data protection bill on small businesses and startups operating in the digital economy.,neutral,scheduled,No specific reason identified,60.00%,distilbert,{},"blog post, post analyzes, analyzes impact",0.00%,
The court directed the police to register an FIR and investigate the allegations of fraud made against the company and its directors.,The court directed the police to register an FIR and investigate the allegations of fraud made against the company and its directors.,neutral,scheduled,No specific reason identified,60.00%,distilbert,{},"court directed, directed police, police register",0.00%,1 all-caps words
The petition challenging the constitutional validity of the farm laws was dismissed as withdrawn with liberty to approach the appropriate forum.,The petition challenging the constitutional validity of the farm laws was dismissed as withdrawn with liberty to approach the appropriate forum.,negative,revoked,No specific reason identified,75.00%,inlegalbert,{'proceeding': 'petition'},"petition challenging, challenging constitutional, constitutional validity",0.00%,
The parties executed the share purchase agreement after completing all necessary due diligence and obtaining regulatory approvals.,The parties executed the share purchase agreement after completing all necessary due diligence and obtaining regulatory approvals.,positive,executed,No specific reason identified,75.00%,legalbert,{},"parties executed, executed share, share purchase",0.00%,
The news report covers the Chief Justice's remarks on the need for judicial reforms and faster disposal of pending cases in lower courts.,The news report covers the Chief Justice's remarks on the need for judicial reforms and faster disposal of pending cases in lower courts.,neutral,scheduled,No specific reason identified,60.00%,distilbert,{'court': 'justice'},"news report, report covers, covers chief",0.00%,
The arbitration award was challenged under Section 34 of the Arbitration Act on grounds of patent illegality and violation of public policy.,The arbitration award was challenged under Section 34 of the Arbitration Act on grounds of patent illegality and violation of public policy.,neutral,scheduled,legal_basis: Section 34 of the Arbitration Act on grounds of patent illegality and violation of public policy,60.00%,legalbert,{'statute': 'section'},"arbitration, arbitration award, award challenged",0.00%,
